Wall time,Step,Value
1555676706.680864,1,64.88999938964844
1555676799.360725,2,93.52999877929688
1555676870.3008115,3,96.56999969482422
1555676935.6803977,4,97.01000213623047
1555677024.237594,5,97.72000122070312
1555677111.4259453,6,97.75
1555677199.253376,7,98.05000305175781
1555677277.7249997,8,98.11000061035156
1555677353.2141597,9,98.44999694824219
1555677438.101779,10,98.55999755859375
1555677530.487247,11,98.66999816894531
1555677621.6063511,12,98.30999755859375
1555677709.56035,13,98.4000015258789
1555677780.3023906,14,98.83999633789062
1555678921.2488298,15,98.80000305175781
